"Reference","Value","Footprint","Datasheet","Description","Qty","MPN","DNP","Exclude from BOM","Exclude from Board"
"BT1,BT2","Battery_Cell","Connector_JST:JST_PH_S2B-PH-K_1x02_P2.00mm_Horizontal","~","Single-cell battery","2","","","",""
"C1,C5,C6,C9,C10,C11,C12,C13,C15,C17","100nF","Capacitor_SMD:C_0603_1608Metric_Pad1.08x0.95mm_HandSolder","https://content.kemet.com/datasheets/KEM_C1002_X7R_SMD.pdf,~","Unpolarized capacitor","10","","","",""
"C2,C3,C14,C16","10uF","Capacitor_SMD:C_0603_1608Metric_Pad1.08x0.95mm_HandSolder","~","Unpolarized capacitor","4","","","",""
"C4,C7","2.2uF","Capacitor_SMD:C_0603_1608Metric_Pad1.08x0.95mm_HandSolder","~","Unpolarized capacitor","2","","","",""
"C8,C19,C21,C46,C47","1uF","Capacitor_SMD:C_0603_1608Metric_Pad1.08x0.95mm_HandSolder","~","Unpolarized capacitor","5","","","",""
"C18,C20","4.7uF","Capacitor_SMD:C_0603_1608Metric_Pad1.08x0.95mm_HandSolder","~","Unpolarized capacitor","2","","","",""
"C22,C48,C54","4.7uF","Capacitor_SMD:C_0603_1608Metric","~","CC0603KRX5R7BB475","3","","","",""
"C23,C25,C49,C52,C55,C56,C57,C58","100nF","Capacitor_SMD:C_0402_1005Metric","~","CC0402KRX7R7BB104","8","","","",""
"C24","4.7uF","Capacitor_SMD:C_0201_0603Metric","~","CC0603KRX5R7BB475","1","","","",""
"C26","10pF","Capacitor_SMD:C_0402_1005Metric","~","CC0402JRNPO9BN100","1","","","",""
"C27","220nF","Capacitor_SMD:C_0402_1005Metric","~","C1005X7R1C224K050BE","1","","","",""
"C30","0.47uF","Capacitor_SMD:C_0402_1005Metric","~","CC0603KRX5R7BB474","1","","","",""
"C31,C36,C44,C45","6.8pF","Capacitor_SMD:C_0402_1005Metric","~","CC0402BRNPO9BN3R3,CC0402BRNPO9BN6R8,CC0402CRNPO9BN6R8","4","","","",""
"C34,C50,C51","33pF","Capacitor_SMD:C_0402_1005Metric","~","CC0402JRNPO9BN330,GJM0335C1E330JB01D","3","","","",""
"C37","47nF","Capacitor_SMD:C_0402_1005Metric","~","CC0402KRX7R8BB473","1","","","",""
"C38,C41,C43","68pF","Capacitor_SMD:C_0402_1005Metric","~","CC0402JRNPO9BN680","3","","","",""
"C39","4.3pF","Capacitor_SMD:C_0402_1005Metric","~","CC0402BRNPO9BN4R3","1","","","",""
"C40","15pF","Capacitor_SMD:C_0402_1005Metric","~","CC0402GRNPO9BN150","1","","","",""
"C42","5.6pF","Capacitor_SMD:C_0402_1005Metric","~","CC0402BRNPO9BN5R6","1","","","",""
"D1,D2","LED","LED_SMD:LED_0603_1608Metric","~","Light emitting diode","2","","","",""
"D3,D4","LED","LED_SMD:LED_0603_1608Metric_Pad1.05x0.95mm_HandSolder","~","Light emitting diode","2","","","",""
"FID1,FID2,FID3","Fiducial","Fiducial:Fiducial_1mm_Mask2mm","~","Fiducial Marker","3","","","Excluded from BOM",""
"H1,H2,H3,H4","MountingHole_Pad","MountingHole:MountingHole_3.2mm_M3_Pad_Via","~","Mounting Hole with connection","4","","","Excluded from BOM",""
"J1","Screw_Terminal_01x06","TerminalBlock_Phoenix:TerminalBlock_Phoenix_MPT-0,5-6-2.54_1x06_P2.54mm_Horizontal","~","Generic screw terminal, single row, 01x06, script generated (kicad-library-utils/schlib/autogen/connector/)","1","","","",""
"J3","USB_C_Receptacle_USB2.0_16P","Connector_USB:USB_C_Receptacle_GCT_USB4105-xx-A_16P_TopMnt_Horizontal","https://www.usb.org/sites/default/files/documents/usb_type-c.zip","USB 2.0-only 16P Type-C Receptacle connector","1","","","",""
"J4","Micro_SD_Card","Connector_Card:microSD_HC_Molex_47219-2001","https://www.we-online.com/components/products/datasheet/693072010801.pdf","Micro SD Card Socket","1","","","",""
"J5,J7","Conn_ST_STDC14","Connector_PinHeader_1.27mm:PinHeader_2x07_P1.27mm_Vertical","https://www.st.com/content/ccc/resource/technical/document/user_manual/group1/99/49/91/b6/b2/3a/46/e5/DM00526767/files/DM00526767.pdf/jcr:content/translations/en.DM00526767.pdf","ST Debug Connector, standard ARM Cortex-M SWD and JTAG interface plus UART","2","","","",""
"J6","Conn_Coaxial","Connector_Coaxial:SMA_Samtec_SMA-J-P-H-ST-EM1_EdgeMount","~","coaxial connector (BNC, SMA, SMB, SMC, Cinch/RCA, LEMO, ...)","1","","","",""
"JP1,JP2","SolderJumper_2_Open","Jumper:SolderJumper-2_P1.3mm_Open_RoundedPad1.0x1.5mm","~","Solder Jumper, 2-pole, open","2","","","Excluded from BOM",""
"L1","2.2uH","Inductor_SMD:L_0603_1608Metric_Pad1.05x0.95mm_HandSolder","~","Inductor","1","","","",""
"L2","600R Ferrite Bead","Inductor_SMD:L_0603_1608Metric","~","FCM1608KF-601T03","1","","","",""
"L3","15uH","Inductor_SMD:L_0805_2012Metric","~","MLZ2012M150W","1","","","",""
"L4","1400R Ferrite Bead","Inductor_SMD:L_0402_1005Metric","~","BLM15HG102SN1#","1","","","",""
"L5","56nH","Inductor_SMD:L_0402_1005Metric","~","LQW15AN56NG00","1","","","",""
"L6","6.8nH","Inductor_SMD:L_0402_1005Metric","~","LQW15AN6N8G00","1","","","",""
"L7,L8","16nH","Inductor_SMD:L_0402_1005Metric","~","LQW15AN16NG00,LQW15AN8N7H00","2","","","",""
"Q1,Q2","SiS454DN","Package_SO:Vishay_PowerPAK_1212-8_Single","https://www.vishay.com/docs/66707/sis454dn.pdf","35A Id, 20V Vds, N-Channel MOSFET, PowerPAK 1212-8 Single","2","","","",""
"R1","300k","Resistor_SMD:R_0603_1608Metric_Pad0.98x0.95mm_HandSolder","~","Resistor, US symbol","1","","","",""
"R2,R10,R14","100k","Resistor_SMD:R_0603_1608Metric_Pad0.98x0.95mm_HandSolder","~","Resistor, US symbol","3","","","",""
"R3,R5","1k","Resistor_SMD:R_0603_1608Metric","~","Resistor, US symbol","2","","","",""
"R4","10k","Resistor_SMD:R_0603_1608Metric","~","Resistor, US symbol","1","","","",""
"R6,R7","5.1k","Resistor_SMD:R_0603_1608Metric","~","Resistor, US symbol","2","","","",""
"R8,R12","3.3k","Resistor_SMD:R_0603_1608Metric_Pad0.98x0.95mm_HandSolder","~","Resistor, US symbol","2","","","",""
"R9,R13","1k","Resistor_SMD:R_0603_1608Metric_Pad0.98x0.95mm_HandSolder","~","Resistor, US symbol","2","","","",""
"R11,R15","22k","Resistor_SMD:R_0603_1608Metric_Pad0.98x0.95mm_HandSolder","~","Resistor, US symbol","2","","","",""
"R16,R17,R18","5.1k","Resistor_SMD:R_0603_1608Metric_Pad0.98x0.95mm_HandSolder","~","Resistor, US symbol","3","","","",""
"R19","220R","Resistor_SMD:R_0402_1005Metric","~","RC0402FR-07100RL","1","","","",""
"RN1,RN2,RN3","10k","Resistor_SMD:R_Array_Convex_4x0612","https://www.vishay.com/docs/28751/acasprec.pdf","4 resistor network, parallel topology","3","","","",""
"SW1,SW2","SW_DIP_x04","Button_Switch_SMD:SW_DIP_SPSTx04_Slide_Copal_CHS-04A_W5.08mm_P1.27mm_JPin","~","4x DIP Switch, Single Pole Single Throw (SPST) switch, small symbol","2","","","",""
"TP_3V3_mcu1,TP_3V3_reg1,TP_3V3_reg2,TP_3V3_sd1,TP_BARO_CS1,TP_BARO_MISO1,TP_BARO_MOSI1,TP_BARO_SCK1,TP_BATT1,TP_BAT_SENSE_MID1,TP_BOOT1,TP_GND_1,TP_GND_2,TP_IMU_INT1,TP_IMU_INT2,TP_NRST1,TP_Power_Mux_STAT1,TP_PYRO1_CONT1,TP_PYRO1_FIRE1,TP_PYRO1_GNDD1,TP_PYRO1_OUT1,TP_PYRO2_CONT1,TP_PYRO2_FIRE1,TP_PYRO2_GNDD1,TP_PYRO2_OUT1,TP_SD_CLK1,TP_SD_CMD1,TP_SD_DAT1,TP_SD_EJECT1,TP_SPI_CS1,TP_SPI_MISO1,TP_SPI_MOSI1,TP_SPI_SCK1,TP_USB_D+1,TP_USB_D-1,TP_VUSB1,TP_V_USB1,TP_V_{mux}1","TestPoint","TestPoint:TestPoint_Loop_D2.54mm_Drill1.5mm_Beaded","https://www.keyelco.com/userAssets/file/M65p56.pdf","test point","38","","","",""
"U1","TPS2116DRL","Package_TO_SOT_SMD:SOT-583-8","https://www.ti.com/lit/ds/symlink/tps2116.pdf","2 Channnels Power Mux with Manual and Priority Switchover, 1.6-5.5V Input Voltage, 2.5A Output Current, Ron 40 mOhm, SOT-583-8","1","","","",""
"U2","USBLC6-2SC6","Package_TO_SOT_SMD:SOT-23-6","https://www.st.com/resource/en/datasheet/usblc6-2.pdf","Very low capacitance ESD protection diode, 2 data-line, SOT-23-6","1","","","",""
"U3","STM32U545RETxQ","Package_QFP:LQFP-64_10x10mm_P0.5mm","https://www.st.com/resource/en/datasheet/stm32u545re.pdf","STMicroelectronics Arm Cortex-M33 MCU, 512KB flash, 274KB RAM, 47 GPIO, LQFP64","1","","","",""
"U4","MS5607-02BA","Package_LGA:LGA-8_3x5mm_P1.25mm","https://www.te.com/commerce/DocumentDelivery/DDEController?Action=showdoc&DocId=Data+Sheet%7FMS5607-02BA03%7FB2%7Fpdf%7FEnglish%7FENG_DS_MS5607-02BA03_B2.pdf%7FCAT-BLPS0035","Barometric pressure sensor, 20cm resolution, 10 to 1200 mbar, I2C and SPI interface up to 20MHz, LGA-8","1","","","",""
"U5","LSM6DSL","Package_LGA:LGA-14_3x2.5mm_P0.5mm_LayoutBorder3x4y","https://www.st.com/resource/en/datasheet/lsm6dsl.pdf","I2C/SPI, iNEMO inertial module: always-on 3D accelerometer and 3D gyroscope, 1.71V to 3.6V VCC","1","","","",""
"U6","MCP73831-2-OT","Package_TO_SOT_SMD:SOT-23-5","http://ww1.microchip.com/downloads/en/DeviceDoc/20001984g.pdf","Single cell, Li-Ion/Li-Po charge management controller, 4.20V, Tri-State Status Output, in SOT23-5 package","1","","","",""
"U7,U10","MIC5504-3.3YM5","Package_TO_SOT_SMD:SOT-23-5","http://ww1.microchip.com/downloads/en/DeviceDoc/MIC550X.pdf","300mA Low-dropout Voltage Regulator, Vout 3.3V, Vin up to 5.5V, SOT-23","2","","","",""
"U8","SAM-M10Q-00B","SAM M10Q:XCVR_SAM-M10Q-00B","https://www.u-blox.com/sites/default/files/documents/SAM-M10Q_DataSheet_UBX-22013293.pdf","","1","","","",""
"U9","STM32WL55CCUx","Package_DFN_QFN:QFN-48-1EP_7x7mm_P0.5mm_EP5.6x5.6mm","https://www.st.com/resource/en/datasheet/stm32wl55cc.pdf","STMicroelectronics Arm Cortex-M4 MCU, 256KB flash, 64KB RAM, 48 MHz, 1.8-3.6V, 29 GPIO, UFQFPN48","1","","","",""
"Y1","Crystal","Crystal:Crystal_SMD_G8-2Pin_3.2x1.5mm","~","NDK NX2012SA-32.768KHZ-EXS00A-MU00527","1","","","",""
"Y2","Crystal_GND23","Crystal:Crystal_SMD_SeikoEpson_FA128-4Pin_2.0x1.6mm","~","NT2016SF-32M-END5875A","1","","","",""
